[{
"name":"박소영",
"id":"20210001",
"department":"컴퓨터공학부",
"class":["C프로그래밍","웹 프로그래밍"],
"phone":"010-1234-5678"
},
{
"name":"김건우",
"id":"20210002",
"department":"컴퓨터공학부",
"class":["수치해석","웹 프로그래밍"],
"phone":"010-1111-1111"
},
{
"name":"김건이",
"id":"20210003",
"department":"컴퓨터공학부",
"class":["자료구조","웹 프로그래밍","윈도우 프로그래밍"],
"phone":"010-2222-2222"
},
{
"name":"홍길동",
"id":"20210004",
"department":"컴퓨터공학부",
"class":["웹 프로그래밍","DB"],
"phone":"010-3333-3333"
}]